{
    "elapsed_time": 540.2676798280002,
    "num_requests": 200,
    "total_num_tokens": 146805,
    "requests_per_second": 0.37018686748700586,
    "tokens_per_second": 271.7264154071495
}