{
    "elapsed_time": 522.8661062630126,
    "num_requests": 200,
    "total_num_tokens": 145877,
    "requests_per_second": 0.38250710383471637,
    "tokens_per_second": 278.99494393048457
}