{
    "elapsed_time": 468.4791132300161,
    "num_requests": 200,
    "total_num_tokens": 147036,
    "requests_per_second": 0.42691337639593563,
    "tokens_per_second": 313.85817605876395
}