{
    "elapsed_time": 460.97370730798866,
    "num_requests": 200,
    "total_num_tokens": 147036,
    "requests_per_second": 0.43386422442175154,
    "tokens_per_second": 318.9683005103833
}