{
    "elapsed_time": 1279.5375675789983,
    "num_requests": 200,
    "total_num_tokens": 147036,
    "requests_per_second": 0.15630646967124087,
    "tokens_per_second": 114.91339037290285
}