{
    "elapsed_time": 1237.550695703001,
    "num_requests": 200,
    "total_num_tokens": 146805,
    "requests_per_second": 0.16160954108339642,
    "tokens_per_second": 118.62544339374007
}